model,site_category,name,admin
C106,armchairs,เก้าอี้รับประทานอาหาร,/admin/p/nat-c106
CH-04,armchairs,เก้าอี้คนไข้,/admin/p/nat-ch-04-2
CH-05,armchairs,เก้าอี้คนไข้,/admin/p/nat-ch-05
CH-1,armchairs,เก้าอี้ (รับประทานอาหาร),/admin/p/nat-ch-1-5
CH-16,armchairs,เก้าอี้ห้องพักผู้ป่วย,/admin/p/nat-ch-16
CH-4,armchairs,เก้าอี้ห้องอาหาร,/admin/p/nat-ch-4-4
F-02,armchairs,เก้าอี้โต๊ะสี่เหลี่ยมทานข้าว,/admin/p/nat-f-02
F-04,armchairs,เก้าอี้ชุดสี่เหลี่ยมทานข้าว,/admin/p/nat-f-04-2
F-2.1,armchairs,เก้าอี้รับประทานอาหาร,/admin/p/nat-f-2-1
F-5,armchairs,เก้าอี้รับประทานอาหาร,/admin/p/nat-f-5-2
LF-09,armchairs,เก้าอี้ทานอาหาร,/admin/p/nat-lf-09-2
NCP-02C,armchairs,เก้าอี้ทานอาหาร,/admin/p/nat-ncp-02c
NCP-815,armchairs,เก้าอี้ทานอาหาร,/admin/p/nat-ncp-815
S-6,armchairs,เก้าอี้ทานอาหาร S-6,/admin/p/nat-s-6
S4,armchairs,เก้าอี้ทานอาหาร,/admin/p/nat-s4
เก้าอี้นั่งรับประทานอาหาร,armchairs,เก้าอี้นั่งรับประทานอาหาร,/admin/p/nat-kaoinang-rapprathan-ahan
เก้าอี้รับประทานอาหารไม้เนื้อแข็ง บุด้วยฟองน้ำเกรดเอหุ้มหนังเทียม,armchairs,เก้าอี้รับประทานอาหารไม้เนื้อแข็ง บุด้วยฟองน้ำเกรดเอหุ้มหนังเทียม,/admin/p/nat-kaoi-rapprathan-ahan-mainueakhaeng-bu-duai-fongnam-kent-e-um-nang-thiam
BLOOMBERG HIGH MEETING TABLE,bar,High Tables,/admin/p/practika-bloomberg-high-meeting-table
BLOOMBERG HIGH MEETING TABLE-COPY-1,bar,High Tables,/admin/p/practika-bloomberg-high-meeting-table-copy-1
COLORLOOP HIGHT TABLE,bar,High Tables,/admin/p/practika-colorloop-hight-table
F-05,bar,เก้าอี้ชุดบาร์,/admin/p/nat-f-05-4
PARLAY HIGH MEETING TABLE,bar,High Tables,/admin/p/practika-parlay-high-meeting-table
PCT2,bar,เคาน์เตอร์บาร์วางเครื่องดื่ม,/admin/p/nat-pct2
PUZZLE HIGH MEETING TABLE,bar,High Tables,/admin/p/practika-puzzle-high-meeting-table
SCHMIDT HIGH MEETING TABLE,bar,High Tables,/admin/p/practika-schmidt-high-meeting-table
T37,bar,Bar table,/admin/p/patara-t37
TRIAD TABLE,bar,High Tables,/admin/p/practika-triad-table
YZ-017-60R,bar,BAR STOOL,/admin/p/patara-yz-017-60r
ARIEL-BEDDING,beds,Bed 6 ft,/admin/p/patara-ariel-bedding
BANANA,beds,Sofa DAY BED,/admin/p/mass-mono-banana
CAPSULE,beds,DAY BED,/admin/p/mobelle-capsule
CARTIER / L,beds,DAY BED,/admin/p/mass-mono-cartier-l
CARTIER / R,beds,DAY BED,/admin/p/mass-mono-cartier-r
COMFORT-BEDDING,beds,Bed 6 ft,/admin/p/patara-comfort-bedding
DREAM-BEDDING,beds,Bed 6 ft,/admin/p/patara-dream-bedding
"EASY BED R,L",beds,Reclining sofa,/admin/p/mass-mono-easy-bed-r-l
F-06,beds,โต๊ะข้างเตียง,/admin/p/nat-f-06-2
F12,beds,โต๊ะหัวเตียง,/admin/p/nat-f12-3
FL-30,beds,โต๊ะข้างเตียง,/admin/p/nat-fl-30
HAPPY,beds,โซฟาเบ็ด (ปรับเป็นเตียงนอนได้ ),/admin/p/mass-mono-happy
HAPPY / S,beds,สตูลที่วางเท้า ( วางต่อเป็นเตียงนอนเข้ามุมได้),/admin/p/mass-mono-happy-s
HAPPY / T,beds,สตูลที่วางเท้า ( วางต่อเป็นเตียงนอนเข้ามุมได้),/admin/p/mass-mono-happy-t
LEONARD,beds,โซฟาเบ็ด (ปรับเป็นเตียงนอนได้ ),/admin/p/mobelle-leonard
PEACE-BEDDING,beds,Bed 6 ft,/admin/p/patara-peace-bedding
PRINCESS,beds,โซฟาเบ็ด L-SHAPE (ปรับเป็นเตียงนอนได้ ),/admin/p/mass-mono-princess
REFRESHING-BEDDING,beds,Bed 6 ft,/admin/p/patara-refreshing-bedding
STAR BED,beds,Sofa bed,/admin/p/mass-mono-star-bed
ตู้หัวเตียง+วางโทรศัพท์,beds,ตู้หัวเตียง+วางโทรศัพท์,/admin/p/nat-tu-hua-tiang-wangthonsap
โต๊ะหัวเตียง,beds,โต๊ะหัวเตียง,/admin/p/nat-to-hua-tiang
BF-3,counters,เคาน์เตอร์เตรียมอาหาร,/admin/p/nat-bf-3
BF2,counters,เคาน์เตอร์เตรียมอาหาร,/admin/p/nat-bf2
F-3,counters,Chair counter,/admin/p/nat-f-3-5
F29,counters,เคาน์เตอร์บานเปิดคู่,/admin/p/nat-f29
F30,counters,เคาน์เตอร์บานเปิดคู่มีช่องจ่ายแก้ว,/admin/p/nat-f30
PUMA-DM,counters,Drawer counter,/admin/p/mono-puma-dm
T-09,counters,Table counter 4-seater,/admin/p/nat-t-09
ALLY,dining-chairs,Dining Chair,/admin/p/patara-ally
APOLLO,dining-chairs,Dining & Side Chairs,/admin/p/practika-apollo
BACKGROUND,dining-chairs,Dining Chair,/admin/p/patara-background
BENTO,dining-chairs,Dining & Side Chairs,/admin/p/practika-bento
CH11,dining-chairs,Dining chair,/admin/p/nat-ch11-2
COLORLOOP DINING AND SIDE CHAIR,dining-chairs,Dining & Side Chairs,/admin/p/practika-colorloop-dining-and-side-chair
CONTEMP SIDE CHAIR,dining-chairs,Dining & Side Chairs,/admin/p/practika-contemp-side-chair
DEEP SIDE CHAIR,dining-chairs,Dining & Side Chairs,/admin/p/practika-deep-side-chair
EMMA,dining-chairs,Dining & Side Chairs,/admin/p/practika-emma
F-03,dining-chairs,Dining chair,/admin/p/nat-f-03
F-2,dining-chairs,Dining chair,/admin/p/nat-f-2-3
FREYA,dining-chairs,Dining & Side Chairs,/admin/p/practika-freya
HAGONE,dining-chairs,Dining & Side Chairs,/admin/p/practika-hagone
HANA,dining-chairs,Dining & Side Chairs,/admin/p/practika-hana
HANNAH,dining-chairs,Dining & Side Chairs,/admin/p/practika-hannah
HOBBY,dining-chairs,Dining chair,/admin/p/patara-hobby
HOSHI,dining-chairs,Dining & Side Chairs,/admin/p/practika-hoshi
ISU,dining-chairs,Dining & Side Chairs,/admin/p/practika-isu
KAWA,dining-chairs,Dining & Side Chairs,/admin/p/practika-kawa
KOCHI,dining-chairs,Dining & Side Chairs,/admin/p/practika-kochi
MAXI,dining-chairs,Dining chair,/admin/p/mass-mono-maxi
MOORE,dining-chairs,Dining & Side Chairs,/admin/p/practika-moore
MORI,dining-chairs,Dining & Side Chairs,/admin/p/practika-mori
MUSIC,dining-chairs,Dining chair,/admin/p/patara-music
NARA,dining-chairs,Dining & Side Chairs,/admin/p/practika-nara
NIKKO,dining-chairs,Dining & Side Chairs,/admin/p/practika-nikko
NORA,dining-chairs,Dining chair,/admin/p/mass-mono-nora
NOVIC SIDE CHAIR,dining-chairs,Dining & Side Chairs,/admin/p/practika-novic-side-chair
OCEAN,dining-chairs,Dining chair,/admin/p/patara-ocean
OLIVIA,dining-chairs,Dining & Side Chairs,/admin/p/practika-olivia
OTARU,dining-chairs,Dining & Side Chairs,/admin/p/practika-otaru
PENDULUM,dining-chairs,Dining & Side Chairs,/admin/p/practika-pendulum
PINAULT SIDE CHAIR,dining-chairs,Dining & Side Chairs,/admin/p/practika-pinault-side-chair
ROWTON,dining-chairs,Dining & Side Chairs,/admin/p/practika-rowton
SAGA,dining-chairs,Dining & Side Chairs,/admin/p/practika-saga
SAKURA,dining-chairs,Dining & Side Chairs,/admin/p/practika-sakura
SATO,dining-chairs,Dining & Side Chairs,/admin/p/practika-sato
SERIAL SIDE CHAIR,dining-chairs,Dining & Side Chairs,/admin/p/practika-serial-side-chair
SKOLL,dining-chairs,Dining & Side Chairs,/admin/p/practika-skoll
TELLAS,dining-chairs,Dining & Side Chairs,/admin/p/practika-tellas
THEO,dining-chairs,Dining & Side Chairs,/admin/p/practika-theo
THYME,dining-chairs,Dining & Side Chairs,/admin/p/practika-thyme
TIMBER SIDE CHAIR,dining-chairs,Dining & Side Chairs,/admin/p/practika-timber-side-chair
TORI,dining-chairs,Dining & Side Chairs,/admin/p/practika-tori
TSUKI,dining-chairs,Dining & Side Chairs,/admin/p/practika-tsuki
WABI SIDE CHAIR,dining-chairs,Dining & Side Chairs,/admin/p/practika-wabi-side-chair
YAMA,dining-chairs,Dining & Side Chairs,/admin/p/practika-yama
YUKI,dining-chairs,Dining & Side Chairs,/admin/p/practika-yuki
เก้าอี้อาหาร,dining-chairs,Dining chair,/admin/p/nat-kaoi-ahan
ABABWA DINING SET,dining-tables,Tables & Dining Tables,/admin/p/practika-ababwa-dining-set
AMUSE DINING TABLE,dining-tables,Tables & Dining Tables,/admin/p/practika-amuse-dining-table
BLEND DINING TABLE,dining-tables,Tables & Dining Tables,/admin/p/practika-blend-dining-table
CANTILEVER LABORATORY TABLE,dining-tables,Tables & Dining Tables,/admin/p/practika-cantilever-laboratory-table
COPTER MEETING /DINING TABLE,dining-tables,Tables & Dining Tables,/admin/p/practika-copter-meeting-dining-table
CURVY DINING TABLE,dining-tables,Tables & Dining Tables,/admin/p/practika-curvy-dining-table
D13,dining-tables,โต๊ะรับประทานอาหาร,/admin/p/nat-d13
DESK ME UP TABLE,dining-tables,Tables & Dining Tables,/admin/p/practika-desk-me-up-table
DN-01,dining-tables,โต๊ะอาหาร,/admin/p/nat-dn-01
DN-03,dining-tables,โต๊ะอาหารห้องพักผู้ป่วย,/admin/p/nat-dn-03
F-01,dining-tables,โต๊ะสี่เหลี่ยมทานข้าว,/admin/p/nat-f-01-3
F-1,dining-tables,โต๊ะอาหาร,/admin/p/nat-f-1-2
F-14,dining-tables,โต๊ะทานอาหาร,/admin/p/nat-f-14-2
F-3,dining-tables,โต๊ะอาหาร,/admin/p/nat-f-3-7
F22,dining-tables,ชุดโต๊ะพักผ่อนพร้อมเก้าอี้,/admin/p/nat-f22
F4,dining-tables,โต๊ะอาหาร 6 ที่,/admin/p/nat-f4-7
F6,dining-tables,ชุดโต๊ะอาหาร,/admin/p/nat-f6-4
GROOT SEMI-OUTDOOR SET,dining-tables,Tables & Dining Tables,/admin/p/practika-groot-semi-outdoor-set
KALYPSO DINING / COFFEE TABLE,dining-tables,Tables & Dining Tables,/admin/p/practika-kalypso-dining-coffee-table
LESS DINING TABLE,dining-tables,Tables & Dining Tables,/admin/p/practika-less-dining-table
LF-15,dining-tables,โต๊ะอาหาร,/admin/p/nat-lf-15-2
LF-31,dining-tables,โต๊ะอาหาร,/admin/p/nat-lf-31
LF-4D,dining-tables,โต๊ะอาหาร,/admin/p/nat-lf-4d
NT - 7676 โต๊ะทานอาหาร,dining-tables,NT - 7676 โต๊ะทานอาหาร,/admin/p/nat-nt-7676-to-thanohan
PARTY SCHOOL CANTEEN TABLE AND BENCH,dining-tables,Tables & Dining Tables,/admin/p/practika-party-school-canteen-table-and-bench
SAG DINING /COFFEE TABLE,dining-tables,Tables & Dining Tables,/admin/p/practika-sag-dining-coffee-table
SQUARE DINING /COFFEE TABLE,dining-tables,Tables & Dining Tables,/admin/p/practika-square-dining-coffee-table
T-1,dining-tables,โต๊ะรับประทานอาหาร 6 ที่นั่ง,/admin/p/nat-t-1
T-3,dining-tables,Table Canteen,/admin/p/nat-t-3
T1,dining-tables,โต๊ะรับประทานอาหาร,/admin/p/nat-t1
T8,dining-tables,โต๊ะรับประทานอาหาร 8 ที่นั่ง,/admin/p/nat-t8-3
ชุดโต๊ะและเก้าอี้รับประทานอาหาร ขนาด 4 ที่นั่ง,dining-tables,ชุดโต๊ะและเก้าอี้รับประทานอาหาร ขนาด 4 ที่นั่ง,/admin/p/nat-chut-to-lae-kaoi-rapprathan-ahan-khanat-4-thinang
โต๊ะ พร้อมเก้าอี้ 4 ตัว,dining-tables,โต๊ะ พร้อมเก้าอี้ 4 ตัว,/admin/p/nat-to-phrom-kaoi-4-tua
โต๊ะประชุมย่อย,dining-tables,โต๊ะประชุมย่อย,/admin/p/nat-toprachum-yoi
โต๊ะรับประทานอาหาร,dining-tables,โต๊ะรับประทานอาหาร,/admin/p/nat-to-rapprathan-ahan
โต๊ะรับประทานอาหาร 4 ที่นั่ง,dining-tables,โต๊ะรับประทานอาหาร 4 ที่นั่ง,/admin/p/nat-to-rapprathan-ahan-4-thinang
โต๊ะรับประทานอาหารหน้าฟอเมก้าขาว,dining-tables,โต๊ะรับประทานอาหารหน้าฟอเมก้าขาว,/admin/p/nat-to-rapprathan-ahan-na-fo-meka-khao
โต๊ะอาหารพร้อมที่นั่งเดี่ยว ชนิด 4 ที่นั่ง,dining-tables,โต๊ะอาหารพร้อมที่นั่งเดี่ยว ชนิด 4 ที่นั่ง,/admin/p/nat-toahan-phrom-thinang-diao-chanit-4-thinang
โต๊ะอาหารพร้อมเก้าอี้ขนาด 4 ที่นั่ง,dining-tables,โต๊ะอาหารพร้อมเก้าอี้ขนาด 4 ที่นั่ง,/admin/p/nat-toahan-phrom-kaoi-khanat-4-thinang
โต๊ะอาหารไฟเบอร์กลาสพร้อมม้านั่ง,dining-tables,โต๊ะอาหารไฟเบอร์กลาสพร้อมม้านั่ง,/admin/p/nat-toahan-faiboeklat-phrom-manang
CO-K ชุดครัวสำเร็จรูป,kitchen,CO-K ชุดครัวสำเร็จรูป,/admin/p/nat-co-k-chut-khrua-samretrup
F-3,kitchen,ชุดครัว,/admin/p/nat-f-3
F-14,multipurpose-tables,โต๊ะแต่งตัว,/admin/p/nat-f-14-5
F-36,multipurpose-tables,โต๊ะเครื่องแป้ง,/admin/p/nat-f-36
F14,multipurpose-tables,โต๊ะแต่งตัว,/admin/p/nat-f14-4
T2,multipurpose-tables,โต๊ะอาหาร,/admin/p/nat-t2-3
TA-2,multipurpose-tables,โต๊ะรับประทานอาหาร 8 ที่นั่ง,/admin/p/nat-ta-2
โต๊ะอาหาร,multipurpose-tables,โต๊ะอาหาร,/admin/p/nat-toahan
โต๊ะเครื่องแป้ง + กระจกบานใหญ่,multipurpose-tables,โต๊ะเครื่องแป้ง + กระจกบานใหญ่,/admin/p/nat-tokheruengpaeng-kratk-ban-ain
C-165X70,partitions,ฉากผ้ากระจก C 165X70 ดำ P1,/admin/p/nat-c-165x70-2
C-165X70,partitions,ฉากผ้าC 165X70 ดำ P1,/admin/p/nat-c-165x70
EP/L,partitions,ขาปิดข้างซ้าย,/admin/p/perfect-ep-l
EP/R,partitions,ขาปิดข้างขวา,/admin/p/perfect-ep-r
HB-01/AP,partitions,รถเข็นสำหรับวางเก้าอี้ซ้อนกันไดหลายตัว,/admin/p/perfect-hb-01-ap-2
KB-02,partitions,ถาดคีย์บอร์ด 4,/admin/p/mono-kb-02
KB-02,partitions,ถาดคีย์บอร์ด 3,/admin/p/mono-kb-02-2
MAS120,partitions,แพ่นชั้น + ฉากรับ,/admin/p/thaitaiyo-mas120
MCPU,partitions,ชั้นวาง CPU แบบมีล้อเลื่อน,/admin/p/mono-mcpu
NFT - 1224 เวทีปรับระดับ ชนิดเคลื่อนย้ายได้,partitions,NFT - 1224 เวทีปรับระดับ ชนิดเคลื่อนย้ายได้,/admin/p/nat-nft-1224-wethi-prapradap-chanit-kheluenyai-dai
NIC - 20รถเข็นเอนกประสงค์,partitions,NIC - 20รถเข็นเอนกประสงค์,/admin/p/nat-nic-20-rathakhen-enkpratng
NLD - 360 บันไดเอนกประสงค์ ชนิดเคลื่อนย้ายได้,partitions,NLD - 360 บันไดเอนกประสงค์ ชนิดเคลื่อนย้ายได้,/admin/p/nat-nld-360-bandai-enkpratng-chanit-kheluenyai-dai
P-02,partitions,ฉากผ้ากระจกลาย165X80 +เทาP1,/admin/p/nat-p-02
P-04,partitions,ฉากผ้าทึบ,/admin/p/nat-p-04
P-05,partitions,เสาต่อ 135 cm.,/admin/p/nat-p-05
P-10,partitions,ขาตั้ง T-FOOT,/admin/p/nat-p-10-2
P-10,partitions,ขาตั้ง T-FOOT สีดำ/เทา,/admin/p/nat-p-10
P-2,partitions,พาร์ติชั่นกั้นส่วนแบบทึบ,/admin/p/nat-p-2
P1,partitions,ฉากผ้าครึ่งกระจกลายกว้าง 105 ซม.,/admin/p/nat-p1-3
P7,partitions,แผงติดประกาศ,/admin/p/nat-p7
X120,partitions,PARTTION ผ้า ครึ่งกระจกขัดลาย ขนาด 70x120 cm.,/admin/p/nat-x120
X120,partitions,PARTTION ผ้า ครึ่งกระจกขัดลาย ขนาด 100x120 cm.,/admin/p/nat-x120-2
X70,partitions,ฉากผ้ากระจก 165X70ดำP1,/admin/p/nat-x70
X80,partitions,ฉากผ้า 165X80ดำP1,/admin/p/nat-x80
กระดานไวท์บอร์ด ชนิดมีล้อเลื่อน,partitions,กระดานไวท์บอร์ด ชนิดมีล้อเลื่อน,/admin/p/nat-kradan-wai-bot-chanit-mi-loluean
ขาตั้ง T-FOOT สีดำ,partitions,ขาตั้ง T-FOOT สีดำ,/admin/p/nat-khatang-t-foot-si-dam
AUTUMN QUIET POD,phone-booths,Quiet Sofas & Pods,/admin/p/practika-autumn-quiet-pod
BOURNE PHONE BOOTH,phone-booths,PHONE BOOTH POD,/admin/p/practika-bourne-phone-booth
BOURNE QUIET CUBE,phone-booths,PHONE BOOTH POD,/admin/p/practika-bourne-quiet-cube
BRIN QUITE SOFA,phone-booths,PHONE BOOTH POD,/admin/p/practika-brin-quite-sofa
BRYCE MEETING POD,phone-booths,PHONE BOOTH POD,/admin/p/practika-bryce-meeting-pod
HASH BACK,phone-booths,Quiet Sofas & Pods,/admin/p/practika-hash-back
MY SCREEN QUIET POD,phone-booths,Quiet Sofas & Pods,/admin/p/practika-my-screen-quiet-pod
PASTELLO QUITE SOFA,phone-booths,Quiet Sofas & Pods,/admin/p/practika-pastello-quite-sofa
SUITE,phone-booths,Quiet Sofas & Pods,/admin/p/practika-suite
THEODORE,phone-booths,Quiet Sofas & Pods,/admin/p/practika-theodore
CH5,recliners,Lounge chair,/admin/p/nat-ch5-3
COSMO,recliners,Reclining sofa,/admin/p/mass-mono-cosmo
COSY,recliners,เก้าอี้ปรับเอนนอน - ไฟฟ้า,/admin/p/mass-mono-cosy
Chair [ F 1705] / Stool [T 1705],recliners,เก้าอี้พักผ่อน พร้อม Stool ที่วางเท้า,/admin/p/patara-chair-f-1705-stool-t-1705
F-18,recliners,เก้าอี้ปรับเอนได้,/admin/p/nat-f-18
FRAYA (เฟรย่า),recliners,โซฟาผ้าปรับเอน 1 ที่นั่ง,/admin/p/mass-mono-fraya-fen-ya
GREENARY,recliners,Lounge sofa,/admin/p/patara-greenary
HOKKAIDO,recliners,เก้าอี้พักผ่อน พร้อมสตูลรองขา ปรับเอนพนักพิงได้ 6 ระดับ,/admin/p/mass-mono-hokkaido
KOBE,recliners,เก้าอี้ปรับเอนนอน - ไฟฟ้า,/admin/p/mass-mono-kobe
MEDUSA,recliners,โซฟาเดี่ยวปรับนอน (โยกหน้า-หลังได้) Recliner Sofa,/admin/p/mass-mono-medusa
MILK,recliners,Lounge sofa 2-seater,/admin/p/patara-milk
P-12,recliners,เก้าอี้พักผ่อน พร้อมสตูลรองขา ปรับเอนพนักพิงได้,/admin/p/mass-mono-p-12
P-5,recliners,เก้าอี้พักผ่อน หมุนได้ 360 องศา พร้อมสตูลรองขา ปรับเอนพนักพิงได้,/admin/p/mass-mono-p-5
PONY,recliners,เก้าอี้ปรับเอนนอน - ไฟฟ้า,/admin/p/patara-pony
ROLLER,recliners,โซฟาพักผ่อน 2 ที่นั่ง (หมอนใหญ่ 2 ใบ หมอนเล็ก 2 ใบ),/admin/p/patara-roller
RYDER,recliners,เก้าอี้ปรับเอนนอน - ไฟฟ้า,/admin/p/mass-mono-ryder
TACO,recliners,โซฟาเดี่ยวปรับนอน (โยกหน้า-หลังได้) Recliner Sofa,/admin/p/mass-mono-taco
YACHT,recliners,โซฟาพักผ่อนไม่มีพนักพิง,/admin/p/patara-yacht
AMAXONIA BAR STOOL,stools,Stools & Bar Stools,/admin/p/practika-amaxonia-bar-stool
AUSTIN,stools,Sofa 3-seater + Stool,/admin/p/mass-mono-austin
AZTAK,stools,Stools & Bar Stools,/admin/p/practika-aztak
BAGEL-BS BAR STOOL,stools,Stools & Bar Stools,/admin/p/practika-bagel-bs-bar-stool
BASKET,stools,STOOL,/admin/p/patara-basket
BELLA/ BELLY/ BILLION STOOL,stools,Stools & Bar Stools,/admin/p/practika-bella-belly-billion-stool
BLOOMBERG STOOL,stools,Stools & Bar Stools,/admin/p/practika-bloomberg-stool
BUNO STOOL,stools,Stools & Bar Stools,/admin/p/practika-buno-stool
CACTUS / S,stools,STOOL,/admin/p/patara-cactus-s
CAMIL BAR STOOL,stools,Stools & Bar Stools,/admin/p/practika-camil-bar-stool
CANDY STOOL,stools,Stools & Bar Stools,/admin/p/practika-candy-stool
CARA BAR STOOL,stools,Stools & Bar Stools,/admin/p/practika-cara-bar-stool
CHAT STOOL,stools,Stools & Bar Stools,/admin/p/practika-chat-stool
CHATWALL STOOL,stools,Stools & Bar Stools,/admin/p/practika-chatwall-stool
CONSTIN,stools,Stools & Bar Stools,/admin/p/practika-constin
CUBIC/ST,stools,โซฟารับแขกแบบจัดเป็นชุด ขนาด 1 ที่นั่งไม่มีที่พิงหลัง สำหรับต่อข้างหรือเป็นสตูล,/admin/p/perfect-cubic-st
F-13,stools,Stool,/admin/p/nat-f-13-2
F-14,stools,โต๊ะกลางม้านั่ง,/admin/p/nat-f-14-4
F6,stools,Stool,/admin/p/nat-f6-3
HOMMIE BAR STOOL,stools,Stools & Bar Stools,/admin/p/practika-hommie-bar-stool
HOUR GLASS STOOL,stools,Stools & Bar Stools,/admin/p/practika-hour-glass-stool
HYDE BAR STOOL,stools,Stools & Bar Stools,/admin/p/practika-hyde-bar-stool
KRIT BAR STOOL,stools,Stools & Bar Stools,/admin/p/practika-krit-bar-stool
LAIKA STOOL,stools,Stools & Bar Stools,/admin/p/practika-laika-stool
LF-06,stools,Stool,/admin/p/nat-lf-06-2
MAREEL BAR STOOL,stools,Stools & Bar Stools,/admin/p/practika-mareel-bar-stool
MAREEL STOOL,stools,Stools & Bar Stools,/admin/p/practika-mareel-stool
MAREEL-ADJ BAR STOOL,stools,Stools & Bar Stools,/admin/p/practika-mareel-adj-bar-stool
MERL BAR STOOL,stools,Stools & Bar Stools,/admin/p/practika-merl-bar-stool
METARIB BAR STOOL,stools,Stools & Bar Stools,/admin/p/practika-metarib-bar-stool
MICHE BAR STOOL,stools,Stools & Bar Stools,/admin/p/practika-miche-bar-stool
MORI BAR STOOL,stools,Stools & Bar Stools,/admin/p/practika-mori-bar-stool
MURAL STOOL,stools,Stools & Bar Stools,/admin/p/practika-mural-stool
MURDOCH BAR STOOL,stools,Stools & Bar Stools,/admin/p/practika-murdoch-bar-stool
MUSHROOM,stools,STOOL SOFA,/admin/p/patara-mushroom
P12 / T,stools,Footstool,/admin/p/mass-mono-p12-t
PARADE-BEEN STOOL,stools,Stools & Bar Stools,/admin/p/practika-parade-been-stool
PARADE-BOWW STOOL,stools,Stools & Bar Stools,/admin/p/practika-parade-boww-stool
PARADE-BUZZ STOOL,stools,Stools & Bar Stools,/admin/p/practika-parade-buzz-stool
PEPPERY STOOL,stools,Stools & Bar Stools,/admin/p/practika-peppery-stool
PUDDING / B,stools,Stool 2-seater,/admin/p/mass-mono-pudding-b
PUDDING / S,stools,Stool 1-seater,/admin/p/mass-mono-pudding-s
PUNCH BAR STOOL,stools,Stools & Bar Stools,/admin/p/practika-punch-bar-stool
SOFA-03-40120,stools,2-seater bench,/admin/p/patara-sofa-03-40120
SOFA-03-4040,stools,LOW STOOL,/admin/p/patara-sofa-03-4040
SOFA-03-4080,stools,LOW STOOL,/admin/p/patara-sofa-03-4080
SOROS STOOL,stools,Stools & Bar Stools,/admin/p/practika-soros-stool
TANGO BAR STOOL,stools,Stools & Bar Stools,/admin/p/practika-tango-bar-stool
TRIAD BAR STOOL,stools,Stools & Bar Stools,/admin/p/practika-triad-bar-stool
UMI BAR STOOL,stools,Stools & Bar Stools,/admin/p/practika-umi-bar-stool
WEAVER,stools,Stools & Bar Stools,/admin/p/practika-weaver
WINDMILL STOOL,stools,Stools & Bar Stools,/admin/p/practika-windmill-stool
ZANDER BAR STOOL,stools,Stools & Bar Stools,/admin/p/practika-zander-bar-stool
เก้าอี้สตูล,stools,Chair stool,/admin/p/nat-kaoi-satun
เก้าอี้สตูลกลมไม้,stools,เก้าอี้สตูลกลมไม้,/admin/p/nat-kaoi-satun-klom-mai
BF-4,wardrobes,ตู้เสื้อผ้า,/admin/p/nat-bf-4
BF-5,wardrobes,ตู้เสื้อผ้า,/admin/p/nat-bf-5-2
BF-5,wardrobes,ตู้เสื้อผ้า,/admin/p/nat-bf-5
BF-6,wardrobes,ตู้เสื้อผ้า,/admin/p/nat-bf-6
CL-1,wardrobes,ตู้เสื้อผ้าและโต๊ะเครื่องแป้ง,/admin/p/nat-cl-1
CL-2,wardrobes,ตู้เสื้อผ้า,/admin/p/nat-cl-2
CL-3,wardrobes,ตู้เสื้อผ้า,/admin/p/nat-cl-3
F-13,wardrobes,ตู้เสื้อผ้า,/admin/p/nat-f-13
F-14,wardrobes,ตู้เสื้อผ้า,/admin/p/nat-f-14
F-16,wardrobes,ตู้เก็บเสื้อ,/admin/p/nat-f-16
F-2,wardrobes,ตู้เสื้อผ้าบานเปิด,/admin/p/nat-f-2
F-4,wardrobes,ตู้เสื้อผ้า ห้องนอน 2,/admin/p/nat-f-4
F-5,wardrobes,ตู้เสื้อผ้าบานสไลด์,/admin/p/nat-f-5
F3,wardrobes,ตู้เสื้อผ้า ห้องนอน 1,/admin/p/nat-f3
F3,wardrobes,ตู้เสื้อผ้าบานเลื่อน,/admin/p/nat-f3-2
LF-14,wardrobes,ตู้เสื้อผ้า,/admin/p/nat-lf-14
LF-1D,wardrobes,ตู้เสื้อผ้า,/admin/p/nat-lf-1d
LK-101,wardrobes,ตู้เก็บเอกสาร 2 บานเปิด,/admin/p/nat-lk-101
WD-02,wardrobes,ตู้เสื้อผ้า,/admin/p/nat-wd-02
WD-03,wardrobes,ตู้เสื้อผ้าห้องนอนเวร,/admin/p/nat-wd-03
WD-04,wardrobes,ตู้เสื้อผ้าห้องพักผู้ป่วย,/admin/p/nat-wd-04
ตู้,wardrobes,ตู้,/admin/p/nat-tu
ตู้เสื้อผ้า,wardrobes,ตู้เสื้อผ้า,/admin/p/nat-tusueapha-4
ตู้เสื้อผ้า,wardrobes,ตู้เสื้อผ้า,/admin/p/nat-tusueapha-2
ตู้เสื้อผ้า,wardrobes,ตู้เสื้อผ้า,/admin/p/nat-tusueapha
ตู้เสื้อผ้า,wardrobes,ตู้เสื้อผ้า,/admin/p/nat-tusueapha-6
ตู้เสื้อผ้า,wardrobes,ตู้เสื้อผ้า,/admin/p/nat-tusueapha-3
ตู้เสื้อผ้า,wardrobes,ตู้เสื้อผ้า,/admin/p/nat-tusueapha-5
ตู้เสื้อผ้า 2 บาน,wardrobes,ตู้เสื้อผ้า 2 บาน,/admin/p/nat-tusueapha-2-ban
ตู้เสื้อผ้า 2 บานเปิด,wardrobes,ตู้เสื้อผ้า 2 บานเปิด,/admin/p/nat-tusueapha-2-ban-poet
ตู้เสื้อผ้าบานเปิด,wardrobes,ตู้เสื้อผ้าบานเปิด,/admin/p/nat-tusueapha-ban-poet
ตู้เสื้อผ้าพร้อมโต๊ะเครื่องแป้ง,wardrobes,ตู้เสื้อผ้าพร้อมโต๊ะเครื่องแป้ง,/admin/p/nat-tusueapha-phrom-tokheruengpaeng
